{
  "best_model_name": "Random Forest",
  "uses_scaled_input": false,
  "metrics": {
    "Logistic Regression": {
      "accuracy": 0.6008333333333333,
      "precision": 0.6656050955414012,
      "recall": 0.6084425036390102,
      "f1": 0.6357414448669202,
      "roc_auc": 0.638454051998831
    },
    "Decision Tree": {
      "accuracy": 0.6291666666666667,
      "precision": 0.6621983914209115,
      "recall": 0.7190684133915575,
      "f1": 0.6894626657362177,
      "roc_auc": 0.6034599680504837
    },
    "Random Forest": {
      "accuracy": 0.6558333333333334,
      "precision": 0.6699751861042184,
      "recall": 0.7860262008733624,
      "f1": 0.7233757535164099,
      "roc_auc": 0.6408687090522683
    },
    "XGBoost": {
      "accuracy": 0.6291666666666667,
      "precision": 0.6543367346938775,
      "recall": 0.7467248908296943,
      "f1": 0.6974847042828008,
      "roc_auc": 0.6305007221271682
    }
  }
}